,precision,recall,f1-score,support
A,1.0,1.0,1.0,6.0
A#,0.8571428571428571,1.0,0.9230769230769231,6.0
A#m,1.0,1.0,1.0,6.0
Am,1.0,1.0,1.0,9.0
B,1.0,1.0,1.0,6.0
Bm,1.0,1.0,1.0,6.0
C,1.0,1.0,1.0,7.0
C#,0.75,0.8571428571428571,0.8,7.0
C#m,1.0,1.0,1.0,6.0
Cm,1.0,1.0,1.0,6.0
D,1.0,0.7142857142857143,0.8333333333333334,7.0
D#,1.0,0.8333333333333334,0.9090909090909091,6.0
D#m,1.0,0.8333333333333334,0.9090909090909091,6.0
Dm,0.75,1.0,0.8571428571428571,6.0
E,1.0,1.0,1.0,10.0
Em,1.0,1.0,1.0,6.0
F,1.0,1.0,1.0,6.0
F#,0.8333333333333334,0.8333333333333334,0.8333333333333334,6.0
F#m,1.0,1.0,1.0,6.0
Fm,1.0,1.0,1.0,7.0
G,1.0,1.0,1.0,6.0
G#,1.0,1.0,1.0,6.0
G#m,1.0,1.0,1.0,6.0
Gm,1.0,1.0,1.0,6.0
Noise,1.0,1.0,1.0,1.0
accuracy,0.9615384615384616,0.9615384615384616,0.9615384615384616,0.9615384615384616
macro avg,0.9676190476190476,0.962857142857143,0.9626027306027305,156.0
weighted avg,0.9672619047619048,0.9615384615384616,0.9616906597675828,156.0
