split,class,total_wav_files,readable_files,corrupted_files,minimum_duration_seconds,maximum_duration_seconds,average_duration_seconds,sample_rates,channel_counts
train,A,25,25,0,5.268,6.745,5.626,44100,1
train,A#,25,25,0,5.408,6.046,5.629,44100,1
train,A#m,25,25,0,5.049,6.166,5.553,44100,1
train,Am,40,40,0,3.851,6.565,5.633,44100,"1, 2"
train,B,25,25,0,4.989,6.026,5.551,44100,1
train,Bm,25,25,0,4.989,6.146,5.606,44100,1
train,C,25,25,0,5.268,6.166,5.642,44100,1
train,C#,25,25,0,5.348,6.425,5.656,44100,1
train,C#m,25,25,0,5.268,6.326,5.61,44100,1
train,Cm,25,25,0,5.348,6.086,5.618,44100,1
train,D,25,25,0,5.408,5.946,5.642,44100,1
train,D#,25,25,0,5.208,6.765,5.685,44100,1
train,D#m,25,25,0,5.248,6.246,5.584,44100,1
train,Dm,25,25,0,5.248,6.485,5.578,44100,1
train,E,40,40,0,5.009,7.623,5.701,44100,"1, 2"
train,Em,25,25,0,5.148,6.026,5.547,44100,1
train,F,25,25,0,5.168,6.785,5.573,44100,1
train,F#,25,25,0,5.328,6.146,5.728,44100,1
train,F#m,25,25,0,4.769,5.966,5.588,44100,1
train,Fm,25,25,0,5.348,6.246,5.64,44100,1
train,G,25,25,0,5.248,5.986,5.616,44100,1
train,G#,25,25,0,5.068,6.505,5.646,44100,1
train,G#m,25,25,0,5.068,6.349,5.68,44100,1
train,Gm,25,25,0,5.049,6.146,5.618,44100,1
train,Noise,3,3,0,40.0,51.2,43.733,"16000, 44100","1, 2"
test,A,6,6,0,5.428,6.046,5.754,44100,1
test,A#,6,6,0,5.468,6.166,5.823,44100,1
test,A#m,6,6,0,5.488,5.907,5.657,44100,1
test,Am,6,6,0,5.428,5.887,5.647,44100,1
test,B,6,6,0,5.128,6.645,5.893,44100,1
test,Bm,6,6,0,5.348,5.767,5.617,44100,1
test,C,6,6,0,5.567,6.166,5.873,44100,1
test,C#,6,6,0,5.188,5.807,5.481,44100,1
test,C#m,6,6,0,5.428,5.667,5.574,44100,1
test,Cm,6,6,0,5.488,6.246,5.704,44100,1
test,D,6,6,0,5.488,6.266,5.79,44100,1
test,D#,6,6,0,5.527,5.927,5.674,44100,1
test,D#m,6,6,0,5.288,6.146,5.8,44100,1
test,Dm,6,6,0,5.507,6.246,5.853,44100,1
test,E,6,6,0,5.268,5.887,5.568,44100,1
test,Em,6,6,0,5.727,6.126,6.01,44100,1
test,F,6,6,0,5.587,6.146,5.777,44100,1
test,F#,6,6,0,5.268,6.066,5.597,44100,1
test,F#m,6,6,0,5.308,5.727,5.574,44100,1
test,Fm,6,6,0,5.448,6.086,5.797,44100,1
test,G,6,6,0,5.388,5.767,5.641,44100,1
test,G#,6,6,0,5.009,5.966,5.554,44100,1
test,G#m,6,6,0,5.388,5.787,5.607,44100,1
test,Gm,6,6,0,5.268,5.867,5.624,44100,1
test,Noise,3,3,0,40.31,60.797,50.904,"16000, 44100, 48000","1, 2"
