Model,Accuracy,Balanced Accuracy,ROC AUC,F1 Score,Precision,Recall,Time Taken
CalibratedClassifierCV,0.9615384615384616,0.962857142857143,0.9991421442092584,0.9616906597675828,0.9672619047619048,0.9615384615384616,1.8064179420471191
LinearDiscriminantAnalysis,0.9615384615384616,0.961904761904762,0.9996572592210177,0.9602564102564103,0.9688644688644689,0.9615384615384616,0.3053450584411621
PassiveAggressiveClassifier,0.9551282051282052,0.9571428571428572,,0.9548859260397722,0.9601648351648351,0.9551282051282052,0.12571001052856445
RandomForestClassifier,0.9551282051282052,0.9552380952380952,0.9993114716319317,0.954466046773739,0.9619963369963369,0.9551282051282052,0.2517530918121338
LinearSVC,0.9487179487179487,0.9504761904761905,,0.9483369194907656,0.9543373293373293,0.9487179487179487,0.3782942295074463
LogisticRegression,0.9423076923076923,0.9464761904761905,0.9990546664372167,0.9422460552268245,0.9523097273097272,0.9423076923076923,1.2087852954864502
SVC,0.9423076923076923,0.9464761904761905,,0.9406801026234225,0.9489010989010987,0.9423076923076923,0.09416890144348145
ExtraTreesClassifier,0.9423076923076923,0.9447619047619048,0.9991838754087076,0.9415913146682376,0.9505036630036628,0.9423076923076923,0.16847681999206543
RidgeClassifierCV,0.9358974358974359,0.9380952380952381,,0.927963276040199,0.9496336996336996,0.9358974358974359,0.18439507484436035
SGDClassifier,0.9294871794871795,0.9295238095238095,,0.929368921676614,0.9379578754578753,0.9294871794871795,0.09068012237548828
RidgeClassifier,0.9230769230769231,0.9257142857142858,,0.9185940128247821,0.9363553113553112,0.9230769230769231,0.14158415794372559
Perceptron,0.8974358974358975,0.9066031746031746,,0.8963436083643276,0.9118106430606431,0.8974358974358975,0.03340482711791992
KNeighborsClassifier,0.8974358974358975,0.9012698412698412,0.984021099648078,0.8945790352181754,0.92513505013505,0.8974358974358975,0.10917782783508301
BaggingClassifier,0.8974358974358975,0.8965079365079366,0.9980715934745078,0.896022755525018,0.9131257631257633,0.8974358974358975,0.16381478309631348
GaussianNB,0.8525641025641025,0.8626666666666668,0.9949877168614609,0.8465570816815161,0.8864316239316241,0.8525641025641025,0.020215988159179688
BernoulliNB,0.8205128205128205,0.8222222222222223,0.9891707080589913,0.8152666275403831,0.8328373015873015,0.8205128205128205,0.027688980102539062
NearestCentroid,0.8012820512820513,0.8153650793650794,0.9827577882306735,0.7921113430728816,0.8267399267399267,0.8012820512820513,0.07023811340332031
DecisionTreeClassifier,0.8269230769230769,0.7958095238095239,0.9098130216566278,0.8261840723379186,0.8367216117216116,0.8269230769230769,0.06057620048522949
ExtraTreeClassifier,0.6153846153846154,0.6018412698412698,0.7993877050682368,0.5981515279592202,0.632051282051282,0.6153846153846154,0.039034128189086914
LabelSpreading,0.48717948717948717,0.48234920634920625,,0.5878565677478721,0.9578115682766847,0.48717948717948717,0.03787398338317871
LabelPropagation,0.48717948717948717,0.48234920634920625,,0.5878565677478721,0.9578115682766847,0.48717948717948717,0.19812297821044922
AdaBoostClassifier,0.19230769230769232,0.18,0.8953152075133582,0.08282794231560835,0.08514814133235185,0.19230769230769232,0.30290699005126953
DummyClassifier,0.057692307692307696,0.04,0.5,0.006293706293706293,0.0033284023668639054,0.057692307692307696,0.024657726287841797
