file_name,file_path,expected_chord,predicted_chord,confidence,confidence_percent,correct,recording_type
A.m4a,/Users/richardtairouz/Downloads/personal_recordings/A.m4a,A,Am,0.4897730727914894,48.97730727914894,False,Open
A_barre.m4a,/Users/richardtairouz/Downloads/personal_recordings/A_barre.m4a,A,Am,0.5915727847332432,59.15727847332432,False,Barre
Am.m4a,/Users/richardtairouz/Downloads/personal_recordings/Am.m4a,Am,Am,0.5999982293992386,59.99982293992387,True,Open
Am_barre.m4a,/Users/richardtairouz/Downloads/personal_recordings/Am_barre.m4a,Am,G#,0.3408347133515279,34.08347133515279,False,Barre
B.m4a,/Users/richardtairouz/Downloads/personal_recordings/B.m4a,B,E,0.37401855087245794,37.40185508724579,False,Open
B_barre.m4a,/Users/richardtairouz/Downloads/personal_recordings/B_barre.m4a,B,E,0.45269436105161953,45.26943610516195,False,Barre
C#.m4a,/Users/richardtairouz/Downloads/personal_recordings/C#.m4a,C#,F#,0.34273595955318664,34.27359595531866,False,Open
C#_barre.m4a,/Users/richardtairouz/Downloads/personal_recordings/C#_barre.m4a,C#,C#,0.5443936420111923,54.43936420111923,True,Barre
C.m4a,/Users/richardtairouz/Downloads/personal_recordings/C.m4a,C,C,0.4666936187402168,46.66936187402168,True,Open
C_barre.m4a,/Users/richardtairouz/Downloads/personal_recordings/C_barre.m4a,C,Cm,0.2666131653542933,26.66131653542933,False,Barre
D.m4a,/Users/richardtairouz/Downloads/personal_recordings/D.m4a,D,D,0.3135683832130284,31.35683832130284,True,Open
D_barre.m4a,/Users/richardtairouz/Downloads/personal_recordings/D_barre.m4a,D,D,0.38712087117276905,38.71208711727691,True,Barre
Dm.m4a,/Users/richardtairouz/Downloads/personal_recordings/Dm.m4a,Dm,Dm,0.4450782434457203,44.50782434457203,True,Open
Dm_barre.m4a,/Users/richardtairouz/Downloads/personal_recordings/Dm_barre.m4a,Dm,D,0.3720628698705206,37.20628698705206,False,Barre
Em.m4a,/Users/richardtairouz/Downloads/personal_recordings/Em.m4a,Em,E,0.31125571199142793,31.125571199142794,False,Open
Em_barre.m4a,/Users/richardtairouz/Downloads/personal_recordings/Em_barre.m4a,Em,E,0.5005801276665645,50.05801276665645,False,Barre
F#m.m4a,/Users/richardtairouz/Downloads/personal_recordings/F#m.m4a,F#m,F#m,0.6468836279205171,64.6883627920517,True,Open
F#m_barre.m4a,/Users/richardtairouz/Downloads/personal_recordings/F#m_barre.m4a,F#m,F#m,0.5017484592351499,50.17484592351499,True,Barre
Gm.m4a,/Users/richardtairouz/Downloads/personal_recordings/Gm.m4a,Gm,Gm,0.4765862987157684,47.65862987157684,True,Open
Gm_barre.m4a,/Users/richardtairouz/Downloads/personal_recordings/Gm_barre.m4a,Gm,G#,0.19116261025078737,19.11626102507874,False,Barre
